{
  "timestamp": 1778167543.9999163,
  "latest": {
    "heart_rate": 99.0,
    "breath_rate": 12.0,
    "heart_phase": 0.020270705223083496,
    "breath_phase": 0.08218754827976227
  }
}