{
  "timestamp": 1778230551.8416872,
  "latest": {
    "heart_rate": 73.0,
    "breath_rate": 5.0,
    "heart_phase": -0.12227156013250351,
    "breath_phase": 0.054084986448287964,
    "is_human": 1,
    "distance_valid": 1,
    "distance": 34.439998626708984,
    "signal_state": "NORMAL"
  }
}