{
  "timestamp": 1778166383.3716805,
  "latest": {
    "heart_rate": 122.0,
    "breath_rate": 17.0,
    "heart_phase": -0.593407392501831,
    "breath_phase": 0.014380097389221191
  }
}