{
  "timestamp": 1778177608.9545112,
  "latest": {
    "heart_rate": 76.0,
    "breath_rate": 24.0,
    "heart_phase": -0.32165610790252686,
    "breath_phase": -0.2001270055770874
  }
}