{
  "timestamp": 1778182187.1610768,
  "latest": {
    "heart_rate": 74.0,
    "breath_rate": 5.0,
    "heart_phase": 0.051683951169252396,
    "breath_phase": -0.11852055788040161
  }
}