{
  "timestamp": 1778227971.788131,
  "latest": {
    "heart_rate": 98.0,
    "breath_rate": 1.0,
    "heart_phase": 0.3707710802555084,
    "breath_phase": 0.06406114995479584
  }
}