{
  "timestamp": 1778176386.9820573,
  "latest": {
    "heart_rate": 103.0,
    "breath_rate": 15.0,
    "heart_phase": -0.9711307287216187,
    "breath_phase": 0.5244604349136353
  }
}