{
  "timestamp": 1778077724.7688146,
  "latest": {
    "heart_rate": 92.0,
    "breath_rate": 10.0,
    "heart_phase": 0.7617127299308777,
    "breath_phase": -0.5226666927337646
  }
}