{
  "timestamp": 1778164857.3253756,
  "latest": {
    "heart_rate": 79.0,
    "breath_rate": 15.0,
    "heart_phase": -0.03784952685236931,
    "breath_phase": 0.06852035224437714
  }
}