{
  "front": {
    "neutral": {
      "mu": {
        "AU1": 61.53748245239258,
        "AU2": 55.69046872456868,
        "AU4": 59.154825846354164,
        "AU5": 52.9375296274821,
        "AU6": 54.196681849161784,
        "AU7": 65.62911326090494,
        "AU9": 51.607913716634116,
        "AU10": 54.67503369649251,
        "AU11": 50.955091349283855,
        "AU12": 52.635473759969074,
        "AU13": 50.48406753540039,
        "AU14": 60.10520757039388,
        "AU15": 52.181746292114255,
        "AU16": 51.45296732584635,
        "AU17": 65.78765513102213,
        "AU18": 54.80180269877116,
        "AU19": 52.716704813639325,
        "AU20": 51.26308848063151,
        "AU22": 50.968912760416664,
        "AU23": 56.06063702901204,
        "AU24": 68.79839274088542,
        "AU25": 59.29205207824707,
        "AU26": 55.28783861796061,
        "AU27": 51.108214696248375,
        "AU32": 50.659630966186526,
        "AU38": 52.35888824462891,
        "AU39": 50.82335713704427,
        "AUL1": 0.0,
        "AUR1": 0.0,
        "AUL2": 0.0,
        "AUR2": 0.0,
        "AUL4": 0.0,
        "AUR4": 0.0,
        "AUL6": 0.0,
        "AUR6": 0.0,
        "AUL10": 0.0,
        "AUR10": 0.0,
        "AUL12": 0.0,
        "AUR12": 0.0,
        "AUL14": 0.0,
        "AUR14": 0.0
      },
      "sigma": {
        "AU1": 1.8864870660626878,
        "AU2": 0.8174582547456754,
        "AU4": 2.198770021629341,
        "AU5": 0.2367529374388764,
        "AU6": 0.39134840036012336,
        "AU7": 1.777842814262027,
        "AU9": 0.1661949819602917,
        "AU10": 0.5640080299367187,
        "AU11": 0.17773220846366675,
        "AU12": 0.5149438416405946,
        "AU13": 0.1197762684850497,
        "AU14": 1.1169505128004886,
        "AU15": 0.4039093682826187,
        "AU16": 0.17694052483214998,
        "AU17": 1.9731708951581368,
        "AU18": 0.4482388607181268,
        "AU19": 0.30167770987531634,
        "AU20": 0.21809144718310147,
        "AU22": 0.14107049688633774,
        "AU23": 1.306734298543277,
        "AU24": 4.389380606103951,
        "AU25": 1.0178505581231985,
        "AU26": 0.8372290666797346,
        "AU27": 0.13670434733678613,
        "AU32": 0.11665432520350004,
        "AU38": 1.1189510920053936,
        "AU39": 0.12658130905839685,
        "AUL1": 0.1,
        "AUR1": 0.1,
        "AUL2": 0.1,
        "AUR2": 0.1,
        "AUL4": 0.1,
        "AUR4": 0.1,
        "AUL6": 0.1,
        "AUR6": 0.1,
        "AUL10": 0.1,
        "AUR10": 0.1,
        "AUL12": 0.1,
        "AUR12": 0.1,
        "AUL14": 0.1,
        "AUR14": 0.1
      }
    },
    "negative": {
      "mu": {
        "AU1": 67.89075368245443,
        "AU2": 55.46412099202474,
        "AU4": 72.37969462076823,
        "AU5": 51.71457684834798,
        "AU6": 65.10795097351074,
        "AU7": 65.80382563273112,
        "AU9": 60.50828921000163,
        "AU10": 67.42700271606445,
        "AU11": 53.82599461873372,
        "AU12": 53.481388600667316,
        "AU13": 50.27532374064128,
        "AU14": 62.626173909505205,
        "AU15": 52.64738426208496,
        "AU16": 53.00703786214193,
        "AU17": 65.06989631652831,
        "AU18": 51.02911491394043,
        "AU19": 50.65125554402669,
        "AU20": 54.00960159301758,
        "AU22": 50.67840334574382,
        "AU23": 53.628974787394206,
        "AU24": 56.99673131306966,
        "AU25": 56.30575345357259,
        "AU26": 54.00583012898763,
        "AU27": 51.05077641805013,
        "AU32": 50.42329533894857,
        "AU38": 52.69269765218099,
        "AU39": 51.024191029866536,
        "AUL1": 0.0,
        "AUR1": 0.0,
        "AUL2": 0.0,
        "AUR2": 0.0,
        "AUL4": 0.0,
        "AUR4": 0.0,
        "AUL6": 0.0,
        "AUR6": 0.0,
        "AUL10": 0.0,
        "AUR10": 0.0,
        "AUL12": 0.0,
        "AUR12": 0.0,
        "AUL14": 0.0,
        "AUR14": 0.0
      },
      "sigma": {
        "AU1": 0.6456963099720012,
        "AU2": 0.5705245515886687,
        "AU4": 0.10357157103949662,
        "AU5": 0.2016186927847701,
        "AU6": 1.3510665562331465,
        "AU7": 1.4459336554360405,
        "AU9": 1.602270777886901,
        "AU10": 1.1727234517040976,
        "AU11": 0.2308827785274843,
        "AU12": 0.5602193987326752,
        "AU13": 0.1,
        "AU14": 1.0867631415487884,
        "AU15": 0.45999649718385094,
        "AU16": 0.2428929196138078,
        "AU17": 1.2632440774801197,
        "AU18": 0.16550517480327265,
        "AU19": 0.1,
        "AU20": 0.30457256082634965,
        "AU22": 0.17042622344592753,
        "AU23": 0.5777102404953687,
        "AU24": 0.5303823036566017,
        "AU25": 0.4334247236059325,
        "AU26": 0.31375014544119506,
        "AU27": 0.10213487413781945,
        "AU32": 0.1,
        "AU38": 0.5414224061327207,
        "AU39": 0.16972050058032043,
        "AUL1": 0.1,
        "AUR1": 0.1,
        "AUL2": 0.1,
        "AUR2": 0.1,
        "AUL4": 0.1,
        "AUR4": 0.1,
        "AUL6": 0.1,
        "AUR6": 0.1,
        "AUL10": 0.1,
        "AUR10": 0.1,
        "AUL12": 0.1,
        "AUR12": 0.1,
        "AUL14": 0.1,
        "AUR14": 0.1
      }
    }
  },
  "up": {},
  "down": {},
  "side": {},
  "_config": {
    "front": {
      "h_thresh": 2,
      "s_thresh": 0.5,
      "fer_weight": 0.7
    },
    "up": {
      "h_thresh": 2,
      "s_thresh": 2,
      "fer_weight": 0.3
    },
    "down": {
      "h_thresh": 3,
      "s_thresh": 3,
      "fer_weight": 0.3
    },
    "side": {
      "h_thresh": 1.5,
      "s_thresh": 1.5,
      "fer_weight": 0.3
    },
    "pitch_limit": 45,
    "fusion_weights": {
      "front": 0.3,
      "up": 0.8,
      "down": 0.5,
      "side": 0.7
    }
  }
}