{
  "front": {
    "AU1": 55.33786443074544,
    "AU2": 51.899375915527344,
    "AU4": 56.554185740152995,
    "AU5": 54.640692392985024,
    "AU6": 54.860145314534506,
    "AU7": 61.51429405212402,
    "AU9": 50.927225748697914,
    "AU10": 57.92774556477865,
    "AU11": 52.04763247172038,
    "AU12": 52.46290372212728,
    "AU13": 51.15205357869466,
    "AU14": 58.909941864013675,
    "AU15": 50.17420514424642,
    "AU16": 53.013406117757164,
    "AU17": 56.316932678222656,
    "AU18": 54.67321917215983,
    "AU19": 51.28142598470052,
    "AU20": 51.860512034098306,
    "AU22": 52.68452262878418,
    "AU23": 51.097822697957355,
    "AU24": 52.543185297648115,
    "AU25": 67.68081359863281,
    "AU26": 54.405426788330075,
    "AU27": 51.30360781351725,
    "AU32": 50.82076199849447,
    "AU38": 53.5194808959961,
    "AU39": 50.94993591308594,
    "AUL1": 0.0,
    "AUR1": 0.0,
    "AUL2": 0.0,
    "AUR2": 0.0,
    "AUL4": 0.0,
    "AUR4": 0.0,
    "AUL6": 0.0,
    "AUR6": 0.0,
    "AUL10": 0.0,
    "AUR10": 0.0,
    "AUL12": 0.0,
    "AUR12": 0.0,
    "AUL14": 0.0,
    "AUR14": 0.0
  },
  "up": {
    "AU1": 55.15946337381999,
    "AU2": 52.06515630086263,
    "AU4": 55.597097905476886,
    "AU5": 59.76358871459961,
    "AU6": 54.92354494730632,
    "AU7": 64.62295735677084,
    "AU9": 51.74398663838704,
    "AU10": 57.82745183308919,
    "AU11": 53.95628229777018,
    "AU12": 51.99058774312337,
    "AU13": 53.492197545369464,
    "AU14": 56.427926508585614,
    "AU15": 50.18896204630534,
    "AU16": 56.07611300150553,
    "AU17": 55.14413998921712,
    "AU18": 55.10201911926269,
    "AU19": 51.24880828857422,
    "AU20": 53.059380594889326,
    "AU22": 53.36671803792318,
    "AU23": 50.55698267618815,
    "AU24": 54.73835385640462,
    "AU25": 66.56404876708984,
    "AU26": 52.584808095296225,
    "AU27": 52.53085085550944,
    "AU32": 50.402900822957356,
    "AU38": 53.76451072692871,
    "AU39": 51.48090909322103,
    "AUL1": 0.0,
    "AUR1": 0.0,
    "AUL2": 0.0,
    "AUR2": 0.0,
    "AUL4": 0.0,
    "AUR4": 0.0,
    "AUL6": 0.0,
    "AUR6": 0.0,
    "AUL10": 0.0,
    "AUR10": 0.0,
    "AUL12": 0.0,
    "AUR12": 0.0,
    "AUL14": 0.0,
    "AUR14": 0.0
  },
  "down": {
    "AU1": 53.27304306030273,
    "AU2": 51.20779240926107,
    "AU4": 61.097388966878256,
    "AU5": 52.28202527364095,
    "AU6": 57.21748479207357,
    "AU7": 59.92519543965658,
    "AU9": 55.96412150065104,
    "AU10": 59.14032402038574,
    "AU11": 55.63667106628418,
    "AU12": 54.813706461588545,
    "AU13": 52.60561803181966,
    "AU14": 56.64874496459961,
    "AU15": 51.53970667521159,
    "AU16": 53.54185536702474,
    "AU17": 59.10327224731445,
    "AU18": 51.628936767578125,
    "AU19": 51.08418922424316,
    "AU20": 51.66487134297689,
    "AU22": 53.32147432963053,
    "AU23": 51.609856541951494,
    "AU24": 52.34772809346517,
    "AU25": 59.05077972412109,
    "AU26": 50.69181594848633,
    "AU27": 50.925452677408856,
    "AU32": 51.13412094116211,
    "AU38": 50.900526428222655,
    "AU39": 50.464128239949545,
    "AUL1": 0.0,
    "AUR1": 0.0,
    "AUL2": 0.0,
    "AUR2": 0.0,
    "AUL4": 0.0,
    "AUR4": 0.0,
    "AUL6": 0.0,
    "AUR6": 0.0,
    "AUL10": 0.0,
    "AUR10": 0.0,
    "AUL12": 0.0,
    "AUR12": 0.0,
    "AUL14": 0.0,
    "AUR14": 0.0
  },
  "side": {
    "AU1": 50.76925989786784,
    "AU2": 50.694243876139325,
    "AU4": 54.94106877644857,
    "AU5": 57.35564994812012,
    "AU6": 55.299451955159505,
    "AU7": 60.97018496195475,
    "AU9": 52.75671513875326,
    "AU10": 54.276131820678714,
    "AU11": 53.211059951782225,
    "AU12": 53.091152572631835,
    "AU13": 57.318108240763344,
    "AU14": 55.336724344889326,
    "AU15": 50.2947587331136,
    "AU16": 59.19782079060872,
    "AU17": 57.93907470703125,
    "AU18": 57.12742296854655,
    "AU19": 54.84382184346517,
    "AU20": 54.38879178365072,
    "AU22": 57.43360061645508,
    "AU23": 50.42420145670573,
    "AU24": 50.64435399373372,
    "AU25": 64.66338996887207,
    "AU26": 50.89767951965332,
    "AU27": 55.63016293843587,
    "AU32": 60.97670834859212,
    "AU38": 61.342225011189775,
    "AU39": 55.5606881459554,
    "AUL1": 0.0,
    "AUR1": 0.0,
    "AUL2": 0.0,
    "AUR2": 0.0,
    "AUL4": 0.0,
    "AUR4": 0.0,
    "AUL6": 0.0,
    "AUR6": 0.0,
    "AUL10": 0.0,
    "AUR10": 0.0,
    "AUL12": 0.0,
    "AUR12": 0.0,
    "AUL14": 0.0,
    "AUR14": 0.0
  }
}