{
  "front": {
    "calm": {
      "mu": {
        "AU1": 63.29304504394531,
        "AU2": 57.742133712768556,
        "AU4": 54.23172238667806,
        "AU5": 54.65586916605631,
        "AU6": 53.45669797261556,
        "AU7": 59.0143325805664,
        "AU9": 51.22729682922363,
        "AU10": 54.599156061808266,
        "AU11": 51.34257621765137,
        "AU12": 53.22379964192708,
        "AU13": 51.164756266276044,
        "AU14": 60.07302742004394,
        "AU15": 51.51125551859538,
        "AU16": 52.1085708618164,
        "AU17": 60.09216066996257,
        "AU18": 54.48083813985189,
        "AU19": 53.40953076680501,
        "AU20": 51.895517603556314,
        "AU22": 51.60221939086914,
        "AU23": 53.87195943196615,
        "AU24": 55.12495969136556,
        "AU25": 58.06935691833496,
        "AU26": 53.82434501647949,
        "AU27": 51.72333183288574,
        "AU32": 52.184806950887044,
        "AU38": 53.83938268025716,
        "AU39": 51.62086613972982,
        "AUL1": 0.0,
        "AUR1": 0.0,
        "AUL2": 0.0,
        "AUR2": 0.0,
        "AUL4": 0.0,
        "AUR4": 0.0,
        "AUL6": 0.0,
        "AUR6": 0.0,
        "AUL10": 0.0,
        "AUR10": 0.0,
        "AUL12": 0.0,
        "AUR12": 0.0,
        "AUL14": 0.0,
        "AUR14": 0.0
      },
      "sigma": {
        "AU1": 1.0924133236670481,
        "AU2": 0.770154281764381,
        "AU4": 0.5614867267706323,
        "AU5": 0.28866794073171737,
        "AU6": 0.37877032183172965,
        "AU7": 1.2419991317516421,
        "AU9": 0.1,
        "AU10": 0.39615824859674675,
        "AU11": 0.22224611167245525,
        "AU12": 0.4260703251612881,
        "AU13": 0.3257652385013982,
        "AU14": 0.9423955343652475,
        "AU15": 0.17997635014773763,
        "AU16": 0.21826758649371747,
        "AU17": 1.4702174039492133,
        "AU18": 0.5762437279726644,
        "AU19": 0.3790067935294662,
        "AU20": 0.16521089294435787,
        "AU22": 0.2457682125123652,
        "AU23": 0.6643473791665757,
        "AU24": 1.4835371460338653,
        "AU25": 0.5119878591671458,
        "AU26": 0.3037390214220078,
        "AU27": 0.22523679360270155,
        "AU32": 0.494791098115296,
        "AU38": 0.5847915554874463,
        "AU39": 0.38687578070369283,
        "AUL1": 0.1,
        "AUR1": 0.1,
        "AUL2": 0.1,
        "AUR2": 0.1,
        "AUL4": 0.1,
        "AUR4": 0.1,
        "AUL6": 0.1,
        "AUR6": 0.1,
        "AUL10": 0.1,
        "AUR10": 0.1,
        "AUL12": 0.1,
        "AUR12": 0.1,
        "AUL14": 0.1,
        "AUR14": 0.1
      }
    },
    "sad": {
      "mu": {
        "AU1": 54.05179812113444,
        "AU2": 52.66317443847656,
        "AU4": 66.432191212972,
        "AU5": 53.34751345316569,
        "AU6": 52.395256169637044,
        "AU7": 59.52602564493815,
        "AU9": 52.25426012674968,
        "AU10": 52.67688814798991,
        "AU11": 53.22252248128255,
        "AU12": 51.4960636138916,
        "AU13": 53.27334111531575,
        "AU14": 57.30749651590983,
        "AU15": 51.155981572469074,
        "AU16": 53.34021250406901,
        "AU17": 56.580797068277995,
        "AU18": 56.38673858642578,
        "AU19": 53.22939135233561,
        "AU20": 51.79721183776856,
        "AU22": 53.01945101420085,
        "AU23": 54.24178848266602,
        "AU24": 58.651818084716794,
        "AU25": 57.61954867045085,
        "AU26": 54.00123011271159,
        "AU27": 52.87141507466634,
        "AU32": 52.09001579284668,
        "AU38": 56.21502520243327,
        "AU39": 55.20299161275228,
        "AUL1": 0.0,
        "AUR1": 0.0,
        "AUL2": 0.0,
        "AUR2": 0.0,
        "AUL4": 0.0,
        "AUR4": 0.0,
        "AUL6": 0.0,
        "AUR6": 0.0,
        "AUL10": 0.0,
        "AUR10": 0.0,
        "AUL12": 0.0,
        "AUR12": 0.0,
        "AUL14": 0.0,
        "AUR14": 0.0
      },
      "sigma": {
        "AU1": 1.000034255789113,
        "AU2": 0.6440883449473884,
        "AU4": 2.1888823724917827,
        "AU5": 0.8453990100976699,
        "AU6": 0.7411359222162711,
        "AU7": 1.3088011419932046,
        "AU9": 0.5446839772838384,
        "AU10": 0.8674156576575442,
        "AU11": 0.4606278597746644,
        "AU12": 0.24720391331445754,
        "AU13": 0.961525823717644,
        "AU14": 0.8757491500933285,
        "AU15": 0.1557189766184154,
        "AU16": 0.36284801354733637,
        "AU17": 0.9281386248128629,
        "AU18": 1.0648141274734264,
        "AU19": 0.7556425285004098,
        "AU20": 0.43471089681952246,
        "AU22": 0.7215904985380156,
        "AU23": 0.7379739073714525,
        "AU24": 2.143790888389318,
        "AU25": 1.0011812661855117,
        "AU26": 0.44490721342474365,
        "AU27": 0.46702193407648285,
        "AU32": 0.7122685906769652,
        "AU38": 1.8453356790949274,
        "AU39": 1.627577303563149,
        "AUL1": 0.1,
        "AUR1": 0.1,
        "AUL2": 0.1,
        "AUR2": 0.1,
        "AUL4": 0.1,
        "AUR4": 0.1,
        "AUL6": 0.1,
        "AUR6": 0.1,
        "AUL10": 0.1,
        "AUR10": 0.1,
        "AUL12": 0.1,
        "AUR12": 0.1,
        "AUL14": 0.1,
        "AUR14": 0.1
      }
    }
  },
  "up": {
    "calm": {
      "mu": {
        "AU1": 57.71886037190755,
        "AU2": 54.19102554321289,
        "AU4": 60.204759724934895,
        "AU5": 57.2336129506429,
        "AU6": 55.67065213521322,
        "AU7": 62.14382476806641,
        "AU9": 52.22691955566406,
        "AU10": 55.00922101338704,
        "AU11": 51.91496861775716,
        "AU12": 53.852613830566405,
        "AU13": 51.60689849853516,
        "AU14": 57.004420852661134,
        "AU15": 51.093645350138345,
        "AU16": 52.51342035929362,
        "AU17": 58.697165934244794,
        "AU18": 52.57648264567057,
        "AU19": 51.92904790242513,
        "AU20": 51.790503692626956,
        "AU22": 52.82472534179688,
        "AU23": 51.3312577565511,
        "AU24": 66.0523307800293,
        "AU25": 56.478763326009116,
        "AU26": 52.81335741678874,
        "AU27": 52.06201413472493,
        "AU32": 51.00090268452962,
        "AU38": 52.602657063802084,
        "AU39": 51.6949577331543,
        "AUL1": 0.0,
        "AUR1": 0.0,
        "AUL2": 0.0,
        "AUR2": 0.0,
        "AUL4": 0.0,
        "AUR4": 0.0,
        "AUL6": 0.0,
        "AUR6": 0.0,
        "AUL10": 0.0,
        "AUR10": 0.0,
        "AUL12": 0.0,
        "AUR12": 0.0,
        "AUL14": 0.0,
        "AUR14": 0.0
      },
      "sigma": {
        "AU1": 1.3307541619664058,
        "AU2": 0.6435997005816476,
        "AU4": 1.310691031105894,
        "AU5": 0.9302062348773485,
        "AU6": 0.4080347878662064,
        "AU7": 1.4452231636242892,
        "AU9": 0.2261161890706447,
        "AU10": 0.368579964188509,
        "AU11": 0.24298791208004328,
        "AU12": 0.7192498318121456,
        "AU13": 0.34964653292289116,
        "AU14": 0.5168433928202953,
        "AU15": 0.1,
        "AU16": 0.23379858485668834,
        "AU17": 0.8051030324366515,
        "AU18": 0.39894282162264605,
        "AU19": 0.25425900196569673,
        "AU20": 0.17896327214598431,
        "AU22": 0.40498793047012616,
        "AU23": 0.1246842438148521,
        "AU24": 2.0285454913910517,
        "AU25": 0.7201293938809322,
        "AU26": 0.36874079235031204,
        "AU27": 0.31455679471099496,
        "AU32": 0.1488820002466128,
        "AU38": 0.5265423898452141,
        "AU39": 0.31737440307033965,
        "AUL1": 0.1,
        "AUR1": 0.1,
        "AUL2": 0.1,
        "AUR2": 0.1,
        "AUL4": 0.1,
        "AUR4": 0.1,
        "AUL6": 0.1,
        "AUR6": 0.1,
        "AUL10": 0.1,
        "AUR10": 0.1,
        "AUL12": 0.1,
        "AUR12": 0.1,
        "AUL14": 0.1,
        "AUR14": 0.1
      }
    }
  },
  "down": {
    "calm": {
      "mu": {
        "AU1": 52.95208536783854,
        "AU2": 51.780464045206706,
        "AU4": 57.001416015625,
        "AU5": 52.58691635131836,
        "AU6": 55.748984273274736,
        "AU7": 60.95104039510091,