{
  "front": {
    "neutral": {
      "mu": {
        "AU1": 56.95093421936035,
        "AU2": 51.81298993428548,
        "AU4": 70.59851150512695,
        "AU5": 52.667639287312824,
        "AU6": 57.224831136067706,
        "AU7": 70.74639256795247,
        "AU9": 69.03354975382487,
        "AU10": 66.0539545694987,
        "AU11": 53.05856234232585,
        "AU12": 54.129983774820964,
        "AU13": 50.83273010253906,
        "AU14": 56.25673840840658,
        "AU15": 52.59451332092285,
        "AU16": 54.72906786600749,
        "AU17": 59.51670265197754,
        "AU18": 51.14660135904948,
        "AU19": 52.09126930236816,
        "AU20": 53.846804809570315,
        "AU22": 52.4472536722819,
        "AU23": 52.75468012491862,
        "AU24": 52.20019187927246,
        "AU25": 67.89708913167318,
        "AU26": 53.855133565266925,
        "AU27": 53.29254938761393,
        "AU32": 50.779167556762694,
        "AU38": 55.46091524759928,
        "AU39": 51.16342709859212,
        "AUL1": 0.0,
        "AUR1": 0.0,
        "AUL2": 0.0,
        "AUR2": 0.0,
        "AUL4": 0.0,
        "AUR4": 0.0,
        "AUL6": 0.0,
        "AUR6": 0.0,
        "AUL10": 0.0,
        "AUR10": 0.0,
        "AUL12": 0.0,
        "AUR12": 0.0,
        "AUL14": 0.0,
        "AUR14": 0.0
      },
      "sigma": {
        "AU1": 0.7086346351025682,
        "AU2": 0.2594612192101289,
        "AU4": 0.7140123093778792,
        "AU5": 0.4085702594629479,
        "AU6": 1.015945237462291,
        "AU7": 0.2441668779172405,
        "AU9": 0.4024954057037327,
        "AU10": 0.7356622971535235,
        "AU11": 0.33567925414836713,
        "AU12": 0.5118832263377635,
        "AU13": 0.13643985491722582,
        "AU14": 0.6507337231599923,
        "AU15": 0.28524979151700797,
        "AU16": 0.7608868669834769,
        "AU17": 1.0825899216453274,
        "AU18": 0.15731223756264925,
        "AU19": 0.26239215434397806,
        "AU20": 0.6661855490036194,
        "AU22": 0.7531424676566758,
        "AU23": 0.2607808105471944,
        "AU24": 0.48703345587859964,
        "AU25": 1.3959154937319749,
        "AU26": 0.7391844253219174,
        "AU27": 0.7365352780056368,
        "AU32": 0.17481922628677798,
        "AU38": 0.42715587887735745,
        "AU39": 0.18531038137451336,
        "AUL1": 0.1,
        "AUR1": 0.1,
        "AUL2": 0.1,
        "AUR2": 0.1,
        "AUL4": 0.1,
        "AUR4": 0.1,
        "AUL6": 0.1,
        "AUR6": 0.1,
        "AUL10": 0.1,
        "AUR10": 0.1,
        "AUL12": 0.1,
        "AUR12": 0.1,
        "AUL14": 0.1,
        "AUR14": 0.1
      }
    },
    "positive": {
      "mu": {
        "AU1": 60.6394157409668,
        "AU2": 52.512722651163735,
        "AU4": 66.65986022949218,
        "AU5": 53.441236114501955,
        "AU6": 69.93439534505208,
        "AU7": 72.44928334554037,
        "AU9": 68.04112167358399,
        "AU10": 72.1511619567871,
        "AU11": 54.43062922159831,
        "AU12": 69.97541809082031,
        "AU13": 50.55547269185384,
        "AU14": 60.535194651285806,
        "AU15": 52.34261080423991,
        "AU16": 60.573341115315756,
        "AU17": 56.86949475606283,
        "AU18": 50.8227720896403,
        "AU19": 51.52443631490072,
        "AU20": 53.551692199707034,
        "AU22": 51.27917188008626,
        "AU23": 52.14252853393555,
        "AU24": 50.87892278035482,
        "AU25": 72.2681900024414,
        "AU26": 54.14333775838216,
        "AU27": 54.790235900878905,
        "AU32": 50.72044321695964,
        "AU38": 53.300666427612306,
        "AU39": 51.0265396118164,
        "AUL1": 0.0,
        "AUR1": 0.0,
        "AUL2": 0.0,
        "AUR2": 0.0,
        "AUL4": 0.0,
        "AUR4": 0.0,
        "AUL6": 0.0,
        "AUR6": 0.0,
        "AUL10": 0.0,
        "AUR10": 0.0,
        "AUL12": 0.0,
        "AUR12": 0.0,
        "AUL14": 0.0,
        "AUR14": 0.0
      },
      "sigma": {
        "AU1": 0.816244513255522,
        "AU2": 0.24469680941244917,
        "AU4": 1.1931667401105306,
        "AU5": 0.21854671162445566,
        "AU6": 0.5025731234517326,
        "AU7": 0.1,
        "AU9": 0.3992888834058308,
        "AU10": 0.1,
        "AU11": 0.2877635758894601,
        "AU12": 0.6875351174909422,
        "AU13": 0.1,
        "AU14": 0.5845337204411307,
        "AU15": 0.1,
        "AU16": 0.2965888820469274,
        "AU17": 0.30550288449271296,
        "AU18": 0.1,
        "AU19": 0.1,
        "AU20": 0.16227888392027673,
        "AU22": 0.128902657350276,
        "AU23": 0.20365141714951093,
        "AU24": 0.1,
        "AU25": 0.1435475864838273,
        "AU26": 0.30241177966118943,
        "AU27": 0.3577514908278787,
        "AU32": 0.1,
        "AU38": 0.3112535127815223,
        "AU39": 0.12527041209045237,
        "AUL1": 0.1,
        "AUR1": 0.1,
        "AUL2": 0.1,
        "AUR2": 0.1,
        "AUL4": 0.1,
        "AUR4": 0.1,
        "AUL6": 0.1,
        "AUR6": 0.1,
        "AUL10": 0.1,
        "AUR10": 0.1,
        "AUL12": 0.1,
        "AUR12": 0.1,
        "AUL14": 0.1,
        "AUR14": 0.1
      }
    }
  },
  "up": {},
  "down": {},
  "side": {}
}