{
  "front": {
    "calm": {
      "mu": {
        "AU1": 67.57455088297526,
        "AU2": 59.67038129170736,
        "AU4": 53.59526303609212,
        "AU5": 54.19263381958008,
        "AU6": 55.03535143534342,
        "AU7": 62.62336387634277,
        "AU9": 51.273023732503255,
        "AU10": 55.76567141215006,
        "AU11": 50.752515411376955,
        "AU12": 53.253183364868164,
        "AU13": 50.24770685831706,
        "AU14": 56.663703028361006,
        "AU15": 51.70256055196126,
        "AU16": 51.52935676574707,
        "AU17": 57.93563067118327,
        "AU18": 53.49786262512207,
        "AU19": 52.60301513671875,
        "AU20": 52.04164670308431,
        "AU22": 50.895151138305664,
        "AU23": 53.56431630452474,
        "AU24": 54.8735777537028,
        "AU25": 60.106014760335285,
        "AU26": 58.30523096720378,
        "AU27": 51.593749109903975,
        "AU32": 50.65648231506348,
        "AU38": 53.23132247924805,
        "AU39": 50.5353084564209,
        "AUL1": 0.0,
        "AUR1": 0.0,
        "AUL2": 0.0,
        "AUR2": 0.0,
        "AUL4": 0.0,
        "AUR4": 0.0,
        "AUL6": 0.0,
        "AUR6": 0.0,
        "AUL10": 0.0,
        "AUR10": 0.0,
        "AUL12": 0.0,
        "AUR12": 0.0,
        "AUL14": 0.0,
        "AUR14": 0.0
      },
      "sigma": {
        "AU1": 1.381205200344272,
        "AU2": 1.19690188875429,
        "AU4": 0.4604095679682612,
        "AU5": 0.2960286021738345,
        "AU6": 0.3920535075549576,
        "AU7": 1.3783668351453493,
        "AU9": 0.1,
        "AU10": 0.6116778535653924,
        "AU11": 0.10319425176715988,
        "AU12": 0.4798265624438643,
        "AU13": 0.1,
        "AU14": 0.36385505558533016,
        "AU15": 0.17797331733857621,
        "AU16": 0.10913430931887014,
        "AU17": 0.540410394563426,
        "AU18": 0.42055395877046214,
        "AU19": 0.20033667799864155,
        "AU20": 0.11229452420926722,
        "AU22": 0.1,
        "AU23": 0.34840202118247454,
        "AU24": 0.9102684601657756,
        "AU25": 0.5245395158890356,
        "AU26": 0.6245676777823078,
        "AU27": 0.15516836321489477,
        "AU32": 0.13164956786450577,
        "AU38": 0.4444672258913354,
        "AU39": 0.11622137498728004,
        "AUL1": 0.1,
        "AUR1": 0.1,
        "AUL2": 0.1,
        "AUR2": 0.1,
        "AUL4": 0.1,
        "AUR4": 0.1,
        "AUL6": 0.1,
        "AUR6": 0.1,
        "AUL10": 0.1,
        "AUR10": 0.1,
        "AUL12": 0.1,
        "AUR12": 0.1,
        "AUL14": 0.1,
        "AUR14": 0.1
      }
    },
    "sad": {
      "mu": {
        "AU1": 54.463192240397134,
        "AU2": 52.074397532145184,
        "AU4": 64.87423909505209,
        "AU5": 51.88801409403483,
        "AU6": 54.641645431518555,
        "AU7": 69.86861724853516,
        "AU9": 52.34836311340332,
        "AU10": 54.371585845947266,
        "AU11": 51.219105275472,
        "AU12": 52.76515248616536,
        "AU13": 50.254014587402345,
        "AU14": 58.621160888671874,
        "AU15": 54.10272699991862,
        "AU16": 51.34253972371419,
        "AU17": 62.68267542521159,
        "AU18": 54.245504760742186,
        "AU19": 52.574286142985024,
        "AU20": 51.17143122355143,
        "AU22": 50.677070744832356,
        "AU23": 58.25075416564941,
        "AU24": 65.21271324157715,
        "AU25": 62.28188285827637,
        "AU26": 57.94154434204101,
        "AU27": 51.40627797444662,
        "AU32": 50.43485069274902,
        "AU38": 52.77484499613444,
        "AU39": 50.8167537689209,
        "AUL1": 0.0,
        "AUR1": 0.0,
        "AUL2": 0.0,
        "AUR2": 0.0,
        "AUL4": 0.0,
        "AUR4": 0.0,
        "AUL6": 0.0,
        "AUR6": 0.0,
        "AUL10": 0.0,
        "AUR10": 0.0,
        "AUL12": 0.0,
        "AUR12": 0.0,
        "AUL14": 0.0,
        "AUR14": 0.0
      },
      "sigma": {
        "AU1": 0.54755491031809,
        "AU2": 0.19650723384419694,
        "AU4": 1.7461608032808165,
        "AU5": 0.12698969593058768,
        "AU6": 0.504892925276644,
        "AU7": 0.6482885505759606,
        "AU9": 0.2356431986730975,
        "AU10": 0.45410457873175886,
        "AU11": 0.12312220281681867,
        "AU12": 0.4605654515340976,
        "AU13": 0.1,
        "AU14": 0.5402925735453411,
        "AU15": 0.9724395143898816,
        "AU16": 0.1,
        "AU17": 1.4353405409748141,
        "AU18": 0.6033130343395198,
        "AU19": 0.21357314078018447,
        "AU20": 0.1,
        "AU22": 0.1,
        "AU23": 0.9826544948835232,
        "AU24": 1.1699163354253788,
        "AU25": 0.9894415722856086,
        "AU26": 0.8356921643050228,
        "AU27": 0.1,
        "AU32": 0.1,
        "AU38": 0.6073703795072888,
        "AU39": 0.1321253901339946,
        "AUL1": 0.1,
        "AUR1": 0.1,
        "AUL2": 0.1,
        "AUR2": 0.1,
        "AUL4": 0.1,
        "AUR4": 0.1,
        "AUL6": 0.1,
        "AUR6": 0.1,
        "AUL10": 0.1,
        "AUR10": 0.1,
        "AUL12": 0.1,
        "AUR12": 0.1,
        "AUL14": 0.1,
        "AUR14": 0.1
      }
    }
  },
  "up": {
    "calm": {
      "mu": {
        "AU1": 65.32200660705567,
        "AU2": 55.846856689453126,
        "AU4": 55.4302007039388,
        "AU5": 57.612966028849286,
        "AU6": 54.28860562642415,
        "AU7": 65.3982536315918,
        "AU9": 52.64756050109863,
        "AU10": 55.40195287068685,
        "AU11": 51.76627616882324,
        "AU12": 53.824849192301436,
        "AU13": 51.25144907633464,
        "AU14": 57.54575436909993,
        "AU15": 51.04374910990397,
        "AU16": 52.41092414855957,
        "AU17": 58.59949582417806,
        "AU18": 53.76092631022136,
        "AU19": 52.5925796508789,
        "AU20": 52.31260617574056,
        "AU22": 52.18426386515299,
        "AU23": 51.74717508951823,
        "AU24": 65.75810038248697,
        "AU25": 60.148586908976235,
        "AU26": 55.49175656636556,
        "AU27": 52.33637784322103,
        "AU32": 51.00621744791667,
        "AU38": 56.77308680216471,
        "AU39": 51.96498120625814,
        "AUL1": 0.0,
        "AUR1": 0.0,
        "AUL2": 0.0,
        "AUR2": 0.0,
        "AUL4": 0.0,
        "AUR4": 0.0,
        "AUL6": 0.0,
        "AUR6": 0.0,
        "AUL10": 0.0,
        "AUR10": 0.0,
        "AUL12": 0.0,
        "AUR12": 0.0,
        "AUL14": 0.0,
        "AUR14": 0.0
      },
      "sigma": {
        "AU1": 1.4506747061912053,
        "AU2": 0.8913682515865774,
        "AU4": 0.8491230470599036,
        "AU5": 0.6766864698485839,
        "AU6": 0.36189542129087443,
        "AU7": 1.5815712820000016,
        "AU9": 0.1963484070988174,
        "AU10": 0.511056797907513,
        "AU11": 0.19095284835685977,
        "AU12": 0.49914440432210394,
        "AU13": 0.184544282876544,
        "AU14": 0.5999022389131242,
        "AU15": 0.10943782643982783,
        "AU16": 0.15836680240201653,
        "AU17": 0.6329495449033515,
        "AU18": 0.4301553714340151,
        "AU19": 0.23963776571341888,
        "AU20": 0.13369073364132436,
        "AU22": 0.25757429599386195,
        "AU23": 0.210564792695785,
        "AU24": 1.9826905795367447,
        "AU25": 0.8621768974107694,
        "AU26": 0.729866123546363,
        "AU27": 0.2870113786448357,
        "AU32": 0.10764058184974082,
        "AU38": 0.7138283360353805,
        "AU39": 0.2649953697152933,
        "AUL1": 0.1,
        "AUR1": 0.1,
        "AUL2": 0.1,
        "AUR2": 0.1,
        "AUL4": 0.1,
        "AUR4": 0.1,
        "AUL6": 0.1,
        "AUR6": 0.1,
        "AUL10": 0.1,
        "AUR10": 0.1,
        "AUL12": 0.1,
        "AUR12": 0.1,
        "AUL14": 0.1,
        "AUR14": 0.1
      }
    }
  },
  "down": {
    "calm": {
      "mu": {
        "AU1": 54.21008796691895,
        "AU2": 52.32004686991374,
        "AU4": 56.37421366373698,
        "AU5": 53.38176867167155,
        "AU6": 55.84023806254069,
        "AU7": 59.17474174499512,
        "AU9": 53.563942972819014,
        "AU10": 57.894249725341794,
        "AU11": 55.024685541788735,