{
  "front": {
    "calm": {
      "mu": {
        "AU1": 53.85601552327474,
        "AU2": 51.39153162638346,
        "AU4": 60.518256505330406,
        "AU5": 53.05403683980306,
        "AU6": 56.61942977905274,
        "AU7": 69.942822265625,
        "AU9": 62.14476025899251,
        "AU10": 65.1071533203125,
        "AU11": 54.228817749023435,
        "AU12": 54.980956141153975,
        "AU13": 51.96322695414225,
        "AU14": 58.57875150044759,
        "AU15": 55.4974614461263,
        "AU16": 53.62780481974284,
        "AU17": 63.82412503560384,
        "AU18": 52.54274673461914,
        "AU19": 51.99743232727051,
        "AU20": 54.67961107889811,
        "AU22": 52.05728340148926,
        "AU23": 53.07311719258626,
        "AU24": 52.08329823811849,
        "AU25": 65.36999104817708,
        "AU26": 53.065142440795896,
        "AU27": 52.170519256591795,
        "AU32": 51.11579996744792,
        "AU38": 55.648309071858726,
        "AU39": 52.08567555745443,
        "AUL1": 0.0,
        "AUR1": 0.0,
        "AUL2": 0.0,
        "AUR2": 0.0,
        "AUL4": 0.0,
        "AUR4": 0.0,
        "AUL6": 0.0,
        "AUR6": 0.0,
        "AUL10": 0.0,
        "AUR10": 0.0,
        "AUL12": 0.0,
        "AUR12": 0.0,
        "AUL14": 0.0,
        "AUR14": 0.0
      },
      "sigma": {
        "AU1": 0.4128424062839685,
        "AU2": 0.13174620536574408,
        "AU4": 2.0068559339908183,
        "AU5": 0.181149853936781,
        "AU6": 0.666313536191678,
        "AU7": 0.45904696563053426,
        "AU9": 1.471298848590635,
        "AU10": 0.9521815542859441,
        "AU11": 0.40267581913179473,
        "AU12": 0.5531575541244204,
        "AU13": 0.17750621051043652,
        "AU14": 0.3026632977495697,
        "AU15": 0.31872549873152245,
        "AU16": 0.2403622252405872,
        "AU17": 0.5611187886751946,
        "AU18": 0.20900211368591692,
        "AU19": 0.16649339438372737,
        "AU20": 0.34545799955811124,
        "AU22": 0.16723401034317015,
        "AU23": 0.3063810964593282,
        "AU24": 0.26976396982717005,
        "AU25": 1.1042834607373437,
        "AU26": 0.20478103883265986,
        "AU27": 0.15252958163251867,
        "AU32": 0.1120853779811293,
        "AU38": 0.2531570233689398,
        "AU39": 0.20702129014604895,
        "AUL1": 0.1,
        "AUR1": 0.1,
        "AUL2": 0.1,
        "AUR2": 0.1,
        "AUL4": 0.1,
        "AUR4": 0.1,
        "AUL6": 0.1,
        "AUR6": 0.1,
        "AUL10": 0.1,
        "AUR10": 0.1,
        "AUL12": 0.1,
        "AUR12": 0.1,
        "AUL14": 0.1,
        "AUR14": 0.1
      }
    },
    "happy": {
      "mu": {
        "AU1": 57.998466618855794,
        "AU2": 52.76609026590983,
        "AU4": 61.00933303833008,
        "AU5": 55.16371180216471,
        "AU6": 70.83596572875976,
        "AU7": 72.47236938476563,
        "AU9": 62.629556020100914,
        "AU10": 72.37542139689127,
        "AU11": 55.46187527974447,
        "AU12": 72.3947125752767,
        "AU13": 51.26525688171387,
        "AU14": 57.2978520711263,
        "AU15": 52.30323422749837,
        "AU16": 60.006508382161456,
        "AU17": 55.473923746744795,
        "AU18": 51.52703030904134,
        "AU19": 52.57801424662272,
        "AU20": 54.02370376586914,
        "AU22": 52.3403325398763,
        "AU23": 51.40000877380371,
        "AU24": 51.188717142740884,
        "AU25": 72.82147572835287,
        "AU26": 53.85066083272298,
        "AU27": 58.05900344848633,
        "AU32": 51.37511494954427,
        "AU38": 51.876119740804036,
        "AU39": 51.50405502319336,
        "AUL1": 0.0,
        "AUR1": 0.0,
        "AUL2": 0.0,
        "AUR2": 0.0,
        "AUL4": 0.0,
        "AUR4": 0.0,
        "AUL6": 0.0,
        "AUR6": 0.0,
        "AUL10": 0.0,
        "AUR10": 0.0,
        "AUL12": 0.0,
        "AUR12": 0.0,
        "AUL14": 0.0,
        "AUR14": 0.0
      },
      "sigma": {
        "AU1": 0.5653227790204662,
        "AU2": 0.1964468320872697,
        "AU4": 1.2790690778113156,
        "AU5": 0.22313564027696922,
        "AU6": 0.2518166774260542,
        "AU7": 0.1,
        "AU9": 0.5631219854027004,
        "AU10": 0.1,
        "AU11": 0.19403249322960053,
        "AU12": 0.10199510419646994,
        "AU13": 0.10718570816947186,
        "AU14": 0.27514336880571294,
        "AU15": 0.1,
        "AU16": 0.21797629438595015,
        "AU17": 0.1549543535756037,
        "AU18": 0.1,
        "AU19": 0.1313972696946115,
        "AU20": 0.10634496248549354,
        "AU22": 0.15783157627790934,
        "AU23": 0.1,
        "AU24": 0.10149874992725963,
        "AU25": 0.1,
        "AU26": 0.22232480806193225,
        "AU27": 0.45289201074792346,
        "AU32": 0.1,
        "AU38": 0.1231857805846729,
        "AU39": 0.13664844785922395,
        "AUL1": 0.1,
        "AUR1": 0.1,
        "AUL2": 0.1,
        "AUR2": 0.1,
        "AUL4": 0.1,
        "AUR4": 0.1,
        "AUL6": 0.1,
        "AUR6": 0.1,
        "AUL10": 0.1,
        "AUR10": 0.1,
        "AUL12": 0.1,
        "AUR12": 0.1,
        "AUL14": 0.1,
        "AUR14": 0.1
      }
    },
    "sad": {
      "mu": {
        "AU1": 56.43071937561035,
        "AU2": 51.55870730082194,
        "AU4": 68.42126439412435,
        "AU5": 58.19163576761881,
        "AU6": 55.265333557128905,
        "AU7": 66.97449391682943,
        "AU9": 60.02394014994304,
        "AU10": 58.604513549804686,
        "AU11": 58.26032028198242,
        "AU12": 51.97273699442545,
        "AU13": 60.6386775970459,
        "AU14": 57.79891370137533,
        "AU15": 52.32673988342285,
        "AU16": 56.557851282755536,
        "AU17": 60.69323438008626,
        "AU18": 55.93888905843099,
        "AU19": 55.00735588073731,
        "AU20": 55.91743876139323,
        "AU22": 56.9113037109375,
        "AU23": 52.11197052001953,
        "AU24": 52.79366798400879,
        "AU25": 62.945286687215166,
        "AU26": 51.98472124735515,
        "AU27": 57.66416854858399,
        "AU32": 54.064263025919594,
        "AU38": 57.85390485127767,
        "AU39": 59.71016337076823,
        "AUL1": 0.0,
        "AUR1": 0.0,
        "AUL2": 0.0,
        "AUR2": 0.0,
        "AUL4": 0.0,
        "AUR4": 0.0,
        "AUL6": 0.0,
        "AUR6": 0.0,
        "AUL10": 0.0,
        "AUR10": 0.0,
        "AUL12": 0.0,
        "AUR12": 0.0,
        "AUL14": 0.0,
        "AUR14": 0.0
      },
      "sigma": {
        "AU1": 0.6851356572091944,
        "AU2": 0.10460302654780597,
        "AU4": 0.779948819066577,
        "AU5": 0.27174348071299376,
        "AU6": 0.9415993726830562,
        "AU7": 0.7731015778680109,
        "AU9": 0.7110893803507008,
        "AU10": 1.0282345900362129,
        "AU11": 0.29450557795382437,
        "AU12": 0.27935905540188516,
        "AU13": 0.4622516951827544,
        "AU14": 0.28832647076756274,
        "AU15": 0.3901569797839033,
        "AU16": 0.23059579091288263,
        "AU17": 0.6502601631532399,
        "AU18": 0.37297847340905604,
        "AU19": 0.2361230009015247,
        "AU20": 0.2642605247774039,
        "AU22": 0.3054132457711701,
        "AU23": 0.2474772935324852,
        "AU24": 0.31371449020332715,
        "AU25": 0.7897044907103096,
        "AU26": 0.1515545301850153,
        "AU27": 0.35893469401754985,
        "AU32": 0.5065774793412114,
        "AU38": 0.22771682437863786,
        "AU39": 0.34485185977660016,
        "AUL1": 0.1,
        "AUR1": 0.1,
        "AUL2": 0.1,
        "AUR2": 0.1,
        "AUL4": 0.1,
        "AUR4": 0.1,
        "AUL6": 0.1,
        "AUR6": 0.1,
        "AUL10": 0.1,
        "AUR10": 0.1,
        "AUL12": 0.1,
        "AUR12": 0.1,
        "AUL14": 0.1,
        "AUR14": 0.1
      }
    }
  },
  "up": {
    "calm": {
      "mu": {
        "AU1": 57.71886037190755,
        "AU2": 54.19102554321289,
        "AU4": 60.204759724934895,
        "AU5": 57.2336129506429,
        "AU6": 55.67065213521322,
        "AU7": 62.14382476806641,
        "AU9": 52.22691955566406,
        "AU10": 55.00922101338704,