{
  "front": {
    "neutral": {
      "mu": {
        "AU1": 56.750256601969404,
        "AU2": 54.91173006693522,
        "AU4": 53.87766660054525,
        "AU5": 53.123874028523765,
        "AU6": 56.080702463785805,
        "AU7": 56.680108388264976,
        "AU9": 51.05393892923991,
        "AU10": 53.96346206665039,
        "AU11": 51.262617874145505,
        "AU12": 52.90406316121419,
        "AU13": 51.080593490600585,
        "AU14": 58.17076555887858,
        "AU15": 51.22652626037598,
        "AU16": 51.84412447611491,
        "AU17": 58.03530349731445,
        "AU18": 53.668239974975585,
        "AU19": 53.02996533711751,
        "AU20": 51.467821248372395,
        "AU22": 51.41082369486491,
        "AU23": 52.674251556396484,
        "AU24": 53.55034243265788,
        "AU25": 58.97889912923177,
        "AU26": 53.19913622538249,
        "AU27": 51.58827387491862,
        "AU32": 51.53633028666179,
        "AU38": 52.04045041402181,
        "AU39": 51.527291742960614,
        "AUL1": 0.0,
        "AUR1": 0.0,
        "AUL2": 0.0,
        "AUR2": 0.0,
        "AUL4": 0.0,
        "AUR4": 0.0,
        "AUL6": 0.0,
        "AUR6": 0.0,
        "AUL10": 0.0,
        "AUR10": 0.0,
        "AUL12": 0.0,
        "AUR12": 0.0,
        "AUL14": 0.0,
        "AUR14": 0.0
      },
      "sigma": {
        "AU1": 1.7438837121757242,
        "AU2": 0.7683669311584108,
        "AU4": 1.4877360489501386,
        "AU5": 0.46297397372210464,
        "AU6": 3.0584943137111886,
        "AU7": 0.8316221376730393,
        "AU9": 0.11322953910118351,
        "AU10": 0.7776300049527848,
        "AU11": 0.28542337110280214,
        "AU12": 1.0686014617620518,
        "AU13": 0.3518419423834668,
        "AU14": 1.403182015849619,
        "AU15": 0.5233574518616395,
        "AU16": 0.2414887668655043,
        "AU17": 2.347183033397354,
        "AU18": 0.8671316792223254,
        "AU19": 0.25992018774903664,
        "AU20": 0.1854985506586449,
        "AU22": 0.4145359108453942,
        "AU23": 1.2838577084635232,
        "AU24": 2.2552487152900116,
        "AU25": 1.484455735269359,
        "AU26": 0.6047201028552593,
        "AU27": 0.2964406026480923,
        "AU32": 0.4460374984148738,
        "AU38": 0.6349869296774299,
        "AU39": 0.5702022534356416,
        "AUL1": 0.1,
        "AUR1": 0.1,
        "AUL2": 0.1,
        "AUR2": 0.1,
        "AUL4": 0.1,
        "AUR4": 0.1,
        "AUL6": 0.1,
        "AUR6": 0.1,
        "AUL10": 0.1,
        "AUR10": 0.1,
        "AUL12": 0.1,
        "AUR12": 0.1,
        "AUL14": 0.1,
        "AUR14": 0.1
      }
    },
    "negative": {
      "mu": {
        "AU1": 52.93789850870768,
        "AU2": 51.85484784444173,
        "AU4": 69.47471542358399,
        "AU5": 53.15653025309245,
        "AU6": 55.2337397257487,
        "AU7": 60.526960118611655,
        "AU9": 51.69211489359538,
        "AU10": 52.76538403828939,
        "AU11": 51.997179412841795,
        "AU12": 51.1575127919515,
        "AU13": 51.56104456583659,
        "AU14": 56.79125391642253,
        "AU15": 50.89021682739258,
        "AU16": 52.17868270874023,
        "AU17": 56.68556620279948,
        "AU18": 55.0408011118571,
        "AU19": 52.864065678914386,
        "AU20": 51.21165428161621,
        "AU22": 51.89696413675944,
        "AU23": 52.41222229003906,
        "AU24": 58.72662455240886,
        "AU25": 57.11051508585612,
        "AU26": 52.917611567179364,
        "AU27": 52.192002360026045,
        "AU32": 51.6407107035319,
        "AU38": 54.03565622965495,
        "AU39": 53.87970809936523,
        "AUL1": 0.0,
        "AUR1": 0.0,
        "AUL2": 0.0,
        "AUR2": 0.0,
        "AUL4": 0.0,
        "AUR4": 0.0,
        "AUL6": 0.0,
        "AUR6": 0.0,
        "AUL10": 0.0,
        "AUR10": 0.0,
        "AUL12": 0.0,
        "AUR12": 0.0,
        "AUL14": 0.0,
        "AUR14": 0.0
      },
      "sigma": {
        "AU1": 0.472157665164933,
        "AU2": 0.3231125886311158,
        "AU4": 2.7017770477991734,
        "AU5": 0.5728067440915232,
        "AU6": 1.6329636092728823,
        "AU7": 2.8419209141353723,
        "AU9": 0.27246642288032863,
        "AU10": 0.37079094049706435,
        "AU11": 0.5408914928763586,
        "AU12": 0.2373494340734344,
        "AU13": 0.734939513181718,
        "AU14": 0.6567622771044513,
        "AU15": 0.1,
        "AU16": 0.4441680910524872,
        "AU17": 0.7277206707659436,
        "AU18": 1.280482859345657,
        "AU19": 0.9925861635922218,
        "AU20": 0.40829832314969944,
        "AU22": 0.4755745696912118,
        "AU23": 0.41530864090935626,
        "AU24": 2.617388182587945,
        "AU25": 2.4056482221943805,
        "AU26": 0.5995781459506441,
        "AU27": 0.7063925148357765,
        "AU32": 0.5373885706566174,
        "AU38": 1.268825576200579,
        "AU39": 1.4058237784420495,
        "AUL1": 0.1,
        "AUR1": 0.1,
        "AUL2": 0.1,
        "AUR2": 0.1,
        "AUL4": 0.1,
        "AUR4": 0.1,
        "AUL6": 0.1,
        "AUR6": 0.1,
        "AUL10": 0.1,
        "AUR10": 0.1,
        "AUL12": 0.1,
        "AUR12": 0.1,
        "AUL14": 0.1,
        "AUR14": 0.1
      }
    }
  },
  "up": {},
  "down": {
    "neutral": {
      "mu": {
        "AU1": 53.72981758117676,
        "AU2": 51.95100288391113,
        "AU4": 59.477002461751304,
        "AU5": 51.69927419026693,
        "AU6": 58.6408452351888,
        "AU7": 56.05551732381185,
        "AU9": 53.99139531453451,
        "AU10": 54.05344479878743,
        "AU11": 54.43976643880208,
        "AU12": 54.4628480275472,
        "AU13": 51.85891087849935,
        "AU14": 60.891272735595706,
        "AU15": 51.61530596415202,
        "AU16": 53.30423164367676,
        "AU17": 58.23346201578776,
        "AU18": 53.879570643107094,
        "AU19": 53.89004135131836,
        "AU20": 54.30535024007161,
        "AU22": 52.47396074930827,
        "AU23": 52.227028401692706,
        "AU24": 51.61503257751465,
        "AU25": 59.40664316813151,
        "AU26": 52.34810854593913,
        "AU27": 52.06748580932617,
        "AU32": 51.16963106791179,
        "AU38": 52.68496793111165,
        "AU39": 52.84531122843425,
        "AUL1": 0.0,
        "AUR1": 0.0,
        "AUL2": 0.0,
        "AUR2": 0.0,
        "AUL4": 0.0,
        "AUR4": 0.0,
        "AUL6": 0.0,
        "AUR6": 0.0,
        "AUL10": 0.0,
        "AUR10": 0.0,
        "AUL12": 0.0,
        "AUR12": 0.0,
        "AUL14": 0.0,
        "AUR14": 0.0
      },
      "sigma": {
        "AU1": 2.2048930822463255,
        "AU2": 1.1782152730142363,
        "AU4": 1.4573596843817662,
        "AU5": 0.11837104289937521,
        "AU6": 3.908435999660345,
        "AU7": 0.6488517085786085,
        "AU9": 0.4765621045534852,
        "AU10": 1.0205924942632572,
        "AU11": 0.7176243972742901,
        "AU12": 1.648789789650811,
        "AU13": 0.4926861188300824,
        "AU14": 0.8134370698736036,
        "AU15": 0.17977678666754032,
        "AU16": 0.24835559788755834,
        "AU17": 0.6148901058312037,
        "AU18": 0.4929341171097337,
        "AU19": 0.9109413166415864,
        "AU20": 2.7883542467637836,
        "AU22": 0.501373721755034,
        "AU23": 0.337432980667105,
        "AU24": 0.18475157854581542,
        "AU25": 1.0100229940374057,
        "AU26": 0.941196142355588,
        "AU27": 0.40034500735919815,
        "AU32": 0.15939514120481849,
        "AU38": 0.9535446350421081,
        "AU39": 0.32639888825418006,
        "AUL1": 0.1,
        "AUR1": 0.1,
        "AUL2": 0.1,
        "AUR2": 0.1,
        "AUL4": 0.1,
        "AUR4": 0.1,
        "AUL6": 0.1,
        "AUR6": 0.1,
        "AUL10": 0.1,
        "AUR10": 0.1,
        "AUL12": 0.1,
        "AUR12": 0.1,
        "AUL14": 0.1,
        "AUR14": 0.1
      }
    },
    "positive": {
      "mu": {
        "AU1": 52.495951588948564,
        "AU2": 51.35188102722168,
        "AU4": 58.02109972635905,
        "AU5": 51.9325979868571,
        "AU6": 63.19026527404785,
        "AU7": 62.352569071451825,