{
  "front": {
    "mu": {
      "AU1": 65.06652094523112,
      "AU2": 57.22306416829427,
      "AU4": 53.60842170715332,
      "AU5": 54.98554751078288,
      "AU6": 55.55826072692871,
      "AU7": 64.79262288411458,
      "AU9": 51.732310104370114,
      "AU10": 57.10814310709635,
      "AU11": 52.09656016031901,
      "AU12": 53.77667681376139,
      "AU13": 51.07820828755697,
      "AU14": 56.5282834370931,
      "AU15": 51.42572987874349,
      "AU16": 52.55024604797363,
      "AU17": 55.52148208618164,
      "AU18": 54.014770889282225,
      "AU19": 53.868211619059245,
      "AU20": 52.483381525675455,
      "AU22": 52.11723353068034,
      "AU23": 51.610440190633135,
      "AU24": 54.720407231648764,
      "AU25": 62.31721572875976,
      "AU26": 55.321502685546875,
      "AU27": 53.13153940836589,
      "AU32": 51.60666440327962,
      "AU38": 53.556227620442705,
      "AU39": 51.9139897664388,
      "AUL1": 0.0,
      "AUR1": 0.0,
      "AUL2": 0.0,
      "AUR2": 0.0,
      "AUL4": 0.0,
      "AUR4": 0.0,
      "AUL6": 0.0,
      "AUR6": 0.0,
      "AUL10": 0.0,
      "AUR10": 0.0,
      "AUL12": 0.0,
      "AUR12": 0.0,
      "AUL14": 0.0,
      "AUR14": 0.0
    },
    "sigma": {
      "AU1": 1.4255709711483338,
      "AU2": 1.193946896925115,
      "AU4": 0.5022603094012249,
      "AU5": 0.5494297838354019,
      "AU6": 0.8782222607881216,
      "AU7": 1.6195555176021288,
      "AU9": 0.13378390340878366,
      "AU10": 1.1182808932094699,
      "AU11": 0.22972897762159347,
      "AU12": 0.5833823875817927,
      "AU13": 0.3618124784703905,
      "AU14": 0.4722647232775069,
      "AU15": 0.22198892533145456,
      "AU16": 0.2791795435269429,
      "AU17": 0.3535825471400587,
      "AU18": 0.4606845075878433,
      "AU19": 0.4883134551223385,
      "AU20": 0.20778131406038425,
      "AU22": 0.30788249750158686,
      "AU23": 0.21683100534213445,
      "AU24": 0.9186193888552506,
      "AU25": 1.2417746815189012,
      "AU26": 0.6193657595117688,
      "AU27": 0.6153834131924433,
      "AU32": 0.31881069973916565,
      "AU38": 0.6463168049668846,
      "AU39": 0.4864833351747757,
      "AUL1": 0.1,
      "AUR1": 0.1,
      "AUL2": 0.1,
      "AUR2": 0.1,
      "AUL4": 0.1,
      "AUR4": 0.1,
      "AUL6": 0.1,
      "AUR6": 0.1,
      "AUL10": 0.1,
      "AUR10": 0.1,
      "AUL12": 0.1,
      "AUR12": 0.1,
      "AUL14": 0.1,
      "AUR14": 0.1
    }
  },
  "down": {
    "mu": {
      "AU1": 55.976111602783206,
      "AU2": 51.431846110026044,
      "AU4": 60.23848253885905,
      "AU5": 54.30061861673991,
      "AU6": 55.801640065511066,
      "AU7": 59.048678970336915,
      "AU9": 53.75944658915202,
      "AU10": 54.9435302734375,
      "AU11": 57.70008163452148,
      "AU12": 53.44571189880371,
      "AU13": 54.649055353800456,
      "AU14": 58.350867716471356,
      "AU15": 50.8781322479248,
      "AU16": 54.54444529215495,
      "AU17": 56.96051203409831,
      "AU18": 61.13392639160156,
      "AU19": 55.442081960042316,
      "AU20": 52.25579833984375,
      "AU22": 54.71145935058594,
      "AU23": 52.431311162312824,
      "AU24": 53.9066515604655,
      "AU25": 61.28284174601237,
      "AU26": 52.381919860839844,
      "AU27": 53.98326009114583,
      "AU32": 52.422780481974286,
      "AU38": 54.801966603597,
      "AU39": 59.866722615559894,
      "AUL1": 0.0,
      "AUR1": 0.0,
      "AUL2": 0.0,
      "AUR2": 0.0,
      "AUL4": 0.0,
      "AUR4": 0.0,
      "AUL6": 0.0,
      "AUR6": 0.0,
      "AUL10": 0.0,
      "AUR10": 0.0,
      "AUL12": 0.0,
      "AUR12": 0.0,
      "AUL14": 0.0,
      "AUR14": 0.0
    },
    "sigma": {
      "AU1": 1.0622494486363305,
      "AU2": 0.1826932176075296,
      "AU4": 1.9271355212925108,
      "AU5": 0.5700141015118468,
      "AU6": 1.2677971920585465,
      "AU7": 1.328037940453884,
      "AU9": 0.6219392565907675,
      "AU10": 0.6715017530029844,
      "AU11": 0.836536315817279,
      "AU12": 0.6425593555698359,
      "AU13": 0.8817438400246955,
      "AU14": 0.973744668509253,
      "AU15": 0.1005007440552931,
      "AU16": 0.4366086358677117,
      "AU17": 0.5235507802075772,
      "AU18": 0.7495103020006173,
      "AU19": 0.515578957051135,
      "AU20": 0.3103059129917326,
      "AU22": 0.5407374981319468,
      "AU23": 0.38806272316018964,
      "AU24": 1.3245335613391356,
      "AU25": 2.182883880085262,
      "AU26": 0.43669328393208035,
      "AU27": 0.7458833753911004,
      "AU32": 0.5088063164045045,
      "AU38": 0.9611749019417336,
      "AU39": 1.1142573517452625,
      "AUL1": 0.1,
      "AUR1": 0.1,
      "AUL2": 0.1,
      "AUR2": 0.1,
      "AUL4": 0.1,
      "AUR4": 0.1,
      "AUL6": 0.1,
      "AUR6": 0.1,
      "AUL10": 0.1,
      "AUR10": 0.1,
      "AUL12": 0.1,
      "AUR12": 0.1,
      "AUL14": 0.1,
      "AUR14": 0.1
    }
  }
}