{
  "front": {
    "neutral": {
      "mean": {
        "AU1": 0.4016427755355835,
        "AU2": -0.5936414778232575,
        "AU4": 0.4466024669508139,
        "AU5": -0.9229201967517535,
        "AU6": -0.13708232959421973,
        "AU7": 0.8481837708503008,
        "AU9": -0.575785654783249,
        "AU10": 0.8944749156634013,
        "AU12": -0.4597512270013491,
        "AU15": -1.1437025944391885,
        "AU17": 0.6675277933478355,
        "AU25": 0.5744486223906279
      },
      "std": {
        "AU1": 0.9770759569270027,
        "AU2": 0.9420581576363641,
        "AU4": 1.1021894410199582,
        "AU5": 0.5616013476604746,
        "AU6": 0.32840918804722136,
        "AU7": 0.7048946046365273,
        "AU9": 0.6432867131517724,
        "AU10": 0.49221545648813736,
        "AU12": 0.7511828371379656,
        "AU15": 0.27717568012508803,
        "AU17": 0.7491102620332438,
        "AU25": 0.6593518414610324
      },
      "au_subset": [
        "AU1",
        "AU2",
        "AU4",
        "AU5",
        "AU6",
        "AU7",
        "AU9",
        "AU10",
        "AU12",
        "AU15",
        "AU17",
        "AU25"
      ],
      "sample_count": 15
    },
    "positive": {
      "mean": {
        "AU1": -0.5194714921385502,
        "AU2": -1.0011843946395498,
        "AU4": 0.02140877189098815,
        "AU5": -1.2291663817384026,
        "AU6": 0.5710409212695209,
        "AU7": 1.1657881165544193,
        "AU9": -0.22788779405086781,
        "AU10": 1.1757606945254586,
        "AU12": 0.686251926593038,
        "AU15": -1.3459633227550623,
        "AU17": -0.29914589878524456,
        "AU25": 1.002568871657731
      },
      "std": {
        "AU1": 0.5863213689601725,
        "AU2": 0.42045634252564956,
        "AU4": 0.6964776002370023,
        "AU5": 0.3463584402739745,
        "AU6": 0.42784060340832075,
        "AU7": 0.21517164769387717,
        "AU9": 0.6122838717882193,
        "AU10": 0.2146717772212571,
        "AU12": 0.6093740494192376,
        "AU15": 0.2604319028354189,
        "AU17": 0.5799429042765757,
        "AU25": 0.4103229509888396
      },
      "au_subset": [
        "AU1",
        "AU2",
        "AU4",
        "AU5",
        "AU6",
        "AU7",
        "AU9",
        "AU10",
        "AU12",
        "AU15",
        "AU17",
        "AU25"
      ],
      "sample_count": 66
    },
    "negative": {
      "mean": {
        "AU1": -0.1271419578364917,
        "AU2": -1.114209730000723,
        "AU4": 1.2345345893076487,
        "AU5": -1.1640052539961678,
        "AU6": -0.17340619879819097,
        "AU7": 1.0804386522088731,
        "AU9": 0.34337764055955977,
        "AU10": 0.7073848098516464,
        "AU12": -0.9695682255994706,
        "AU15": -1.0358213725544156,
        "AU17": 0.5066150249469847,
        "AU25": 0.7118021728737014
      },
      "std": {
        "AU1": 0.7713353810401635,
        "AU2": 0.2672404164296221,
        "AU4": 0.4210418529701211,
        "AU5": 0.5242783457753584,
        "AU6": 0.4639139499431373,
        "AU7": 0.2893421261654057,
        "AU9": 0.8156412807880873,
        "AU10": 0.5025868114147992,
        "AU12": 0.3370467927181103,
        "AU15": 0.45218132788232923,
        "AU17": 0.5134536191713479,
        "AU25": 0.5952625909176967
      },
      "au_subset": [
        "AU1",
        "AU2",
        "AU4",
        "AU5",
        "AU6",
        "AU7",
        "AU9",
        "AU10",
        "AU12",
        "AU15",
        "AU17",
        "AU25"
      ],
      "sample_count": 21
    }
  },
  "up": {
    "neutral": null,
    "positive": {
      "mean": {
        "AU1": -0.08787824958562851,
        "AU2": -0.7657210826873779,
        "AU4": 0.4825740307569504,
        "AU5": -0.6283661127090454,
        "AU7": 2.106882929801941,
        "AU15": -0.7537032961845398,
        "AU17": -0.35378898680210114
      },
      "std": {
        "AU1": 0.22693396359682083,
        "AU2": 0.03672492504119873,
        "AU4": 0.6909486800432205,
        "AU5": 0.06798595190048218,
        "AU7": 0.20903289318084717,
        "AU15": 0.09245336055755615,
        "AU17": 0.24272267520427704
      },
      "au_subset": [
        "AU1",
        "AU2",
        "AU4",
        "AU5",
        "AU7",
        "AU15",
        "AU17"
      ],
      "sample_count": 2
    },
    "negative": null
  },
  "down": {
    "neutral": {
      "mean": {
        "AU1": 0.020682156085968018,
        "AU2": -0.5873593464493752,
        "AU4": 0.9730714485049248,
        "AU5": -0.40100860098997754,
        "AU7": 1.1033817095061142,
        "AU15": -1.1087668339411418
      },
      "std": {
        "AU1": 0.6911265149725845,
        "AU2": 0.23169804000493996,
        "AU4": 0.6241706040620988,
        "AU5": 0.6961359439486778,
        "AU7": 0.7890976896561751,
        "AU15": 0.26810664891049973
      },
      "au_subset": [
        "AU1",
        "AU2",
        "AU4",
        "AU5",
        "AU7",
        "AU15"
      ],
      "sample_count": 6
    },
    "positive": {
      "mean": {
        "AU1": -0.37725213170051575,
        "AU2": -0.7249720692634583,
        "AU4": 0.9221293926239014,
        "AU5": -0.5285338163375854,
        "AU7": 1.7599008083343506,
        "AU15": -1.0512728691101074
      },
      "std": {
        "AU1": 0.0,
        "AU2": 0.0,
        "AU4": 0.0,
        "AU5": 0.0,
        "AU7": 0.0,
        "AU15": 0.0
      },
      "au_subset": [
        "AU1",
        "AU2",
        "AU4",
        "AU5",
        "AU7",
        "AU15"
      ],
      "sample_count": 1
    },
    "negative": {
      "mean": {
        "AU1": -0.2702712886449363,
        "AU2": -0.7574088043636746,
        "AU4": 1.6072582933637831,
        "AU5": -0.4939051936897967,
        "AU7": 0.9687002466784583,
        "AU15": -1.054375900162591
      },
      "std": {
        "AU1": 0.20791801769869742,
        "AU2": 0.21404746731897095,
        "AU4": 0.25132403242337314,
        "AU5": 0.35280863669886026,
        "AU7": 0.4197327981921602,
        "AU15": 0.15203805905266005
      },
      "au_subset": [
        "AU1",
        "AU2",
        "AU4",
        "AU5",
        "AU7",
        "AU15"
      ],
      "sample_count": 9
    }
  },
  "side": {
    "neutral": {
      "mean": {
        "AUL1": -0.7029005140066147,
        "AUR1": -0.7029005140066147,
        "AUL2": -0.7029005140066147,
        "AUR2": -0.7029005140066147,
        "AUL6": -0.7029005140066147,
        "AUR6": -0.7029005140066147,
        "AU5": 1.1594549417495728,
        "AU7": 1.5410478711128235,
        "AU25": 1.5169001519680023
      },
      "std": {
        "AUL1": 0.002529369455704942,
        "AUR1": 0.002529369455704942,
        "AUL2": 0.002529369455704942,
        "AUR2": 0.002529369455704942,
        "AUL6": 0.002529369455704942,
        "AUR6": 0.002529369455704942,
        "AU5": 0.0920105366604198,
        "AU7": 0.05421383159200635,
        "AU25": 0.06317727890666866
      },
      "au_subset": [
        "AUL1",
        "AUR1",
        "AUL2",
        "AUR2",
        "AUL6",
        "AUR6",
        "AU5",
        "AU7",
        "AU25"
      ],
      "sample_count": 4
    },
    "positive": {
      "mean": {
        "AUL1": -0.7032348990440369,
        "AUR1": -0.7032348990440369,
        "AUL2": -0.7032348990440369,
        "AUR2": -0.7032348990440369,
        "AUL6": -0.7032348990440369,
        "AUR6": -0.7032348990440369,
        "AU5": 1.1735662460327148,
        "AU7": 1.4921860694885254,
        "AU25": 1.5536570787429809
      },
      "std": {
        "AUL1": 0.0023429551266094953,
        "AUR1": 0.0023429551266094953,
        "AUL2": 0.0023429551266094953,
        "AUR2": 0.0023429551266094953,
        "AUL6": 0.0023429551266094953,
        "AUR6": 0.0023429551266094953,
        "AU5": 0.07975877386084318,
        "AU7": 0.07627967350257313,
        "AU25": 0.053138663409693664
      },