{
  "front": {
    "mu": {
      "eye_open_L": 0.28987124302659595,
      "eye_open_R": 0.27165498811333205,
      "eye_open_avg": 0.2807631155699639,
      "brow_height_L": 25.265269259789523,
      "brow_height_R": 26.060700682412058,
      "brow_height_avg": 25.662984971100787,
      "brow_inner_dist": 72.04887047693371,
      "mouth_ar": 0.022361791999348957,
      "mouth_width": 36.77779409283808,
      "mouth_corner_lift": -1.0391693115234375,
      "pitch": -6.244452222188314,
      "yaw": -8.869736035664877,
      "roll": 2.371935407320658
    },
    "sigma": {
      "eye_open_L": 0.022729385348392472,
      "eye_open_R": 0.013486071178145084,
      "eye_open_avg": 0.013599589185922648,
      "brow_height_L": 0.30109225795503464,
      "brow_height_R": 0.3461117915646563,
      "brow_height_avg": 0.2615227475820284,
      "brow_inner_dist": 0.8223816423225611,
      "mouth_ar": 0.016146263495782538,
      "mouth_width": 0.8835431353569461,
      "mouth_corner_lift": 0.3735947048779611,
      "pitch": 0.47498091617527183,
      "yaw": 0.3953833222471073,
      "roll": 0.43936202643392963
    }
  },
  "down": {
    "mu": {
      "eye_open_L": 0.2531772273616755,
      "eye_open_R": 0.27627937860616036,
      "eye_open_avg": 0.264728302983918,
      "brow_height_L": 27.260486435828746,
      "brow_height_R": 26.964134742025067,
      "brow_height_avg": 27.112310588926903,
      "brow_inner_dist": 72.74418619293844,
      "mouth_ar": 0.011375093759297015,
      "mouth_width": 42.88571475891385,
      "mouth_corner_lift": 4.308396816253662,
      "pitch": -36.1643315633138,
      "yaw": -0.5547970389326413,
      "roll": 1.9435939162969589
    },
    "sigma": {
      "eye_open_L": 0.05430883129895884,
      "eye_open_R": 0.062196678543562145,
      "eye_open_avg": 0.05583814681184326,
      "brow_height_L": 0.8124047527391599,
      "brow_height_R": 0.8892919021503437,
      "brow_height_avg": 0.7908922070506234,
      "brow_inner_dist": 3.2109802501082076,
      "mouth_ar": 0.005794283830187913,
      "mouth_width": 2.0678446596203868,
      "mouth_corner_lift": 0.7030990091265683,
      "pitch": 2.3802705617266513,
      "yaw": 1.0248324470057968,
      "roll": 1.0902992433402305
    }
  }
}